CLARK-I,100A,Dimensions: 10ft3in x 13ft9in plus stair entryway 10ft3in x 3ft6in,177,Windows: 1 West facing crank window - view of Walker Beach,Other: two rooms; outer room - indirect bath access
CLARK-I,100B,Dimensions: 10ft6in x 11ft6in,121,Windows: 1 West facing crank window - view of Walker Beach,Other: two rooms; inner room  - direct bath access
CLARK-I,101A,Dimensions: 9ft6in x 17ft6in,166,Windows: 1 West facing crank window - view of Walker Beach,Other: two rooms; outer room  - indirect bath access
CLARK-I,101B,Dimensions: 10ft6in x 11ft6in,121,Windows: 1 West facing crank window - view of Walker Beach,Other: two rooms; inner room  - direct bath access
CLARK-I,102A,Dimensions: 10ft3in x 12ft9in plus stair entryway 11ft x 2ft6in,158,Windows: 1 South facing glass door - view of CLARK-I south courtyard,"Other: two rooms; outer room  - indirect bath access, short balcony"
CLARK-I,102B,Dimensions: 9ft9in x 10ft6in,102,Windows: 1 North facing crank window - view of CLARK-I central courtyard,Other: two rooms; inner room  - direct bath access
CLARK-I,103A,Dimensions: 9ft9in x 14ft,137,Windows: 1 West facing crank window - view of Walker Beach,Other: two rooms; outer room - indirect bath access
CLARK-I,103B,Dimensions: 10ft6in x 11ft6in,121,Windows: 1 West facing crank window - view of Walker Beach,Other: two rooms; inner room  - direct bath access
CLARK-I,104A,Dimensions: 10ft6in x 10ft6in plus stair entryway 10ft6in x 3ft6in,147,Windows: 1 West facing crank window - view of Walker Beach,Other: two rooms; outer room  - indirect bath access
CLARK-I,104B,Dimensions: 10ft6in x 11ft9in,123,Windows: 1 West facing crank window - view of Walker Beach,Other: two rooms; inner room  - direct bath access
CLARK-I,105A,Dimensions: L shaped 9ft9in x 13ft6in Plus 4ft3in x 6ft6in plus stair entryway 8ft6in x 3ft9in,191,"Windows: 1 West facing crank window,1 East facing crank window - view of Walker Beach and CLARK-I central courtyard",Other: two rooms; outer room  - indirect bath access
CLARK-I,105B,Dimensions: 10ft x 12ft3in,115,Windows: 1 West facing crank window - view of Walker Beach,Other: two rooms; inner room  - direct bath access
CLARK-I,106A,Dimensions: L shaped 9ft9in x 14ft3in plus 4ft3in x 6ft6in plus stair entryway 8ft6in x 3ft9in,198,"Windows: 1 West facing crank window, 1 East facing crank window - view of Walker Beach and CLARK-I central courtyard",Other: two rooms; outer room  - indirect bath access
CLARK-I,106B,Dimensions: 10ft6in x 11ft3in,109,Windows: 1 West facing crank window - view of Walker Beach,Other: two rooms; inner room  - direct bath access
CLARK-I,107A,Dimensions: 10ft9in x 13ft9in plus stair entryway 10ft9in x 3ft6in,185,Windows: 1 West facing crank window - view of Walker Beach,Other: two rooms; outer room  - indirect bath access
CLARK-I,107B,Dimensions: 10ft3in x 11ft6in,118,Windows: 1 West facing crank window - view of Walker Beach,Other: two rooms; inner room  - direct bath access
CLARK-I,108A,Dimensions: 12ft6in x 13ft6in plus room entry corridor 3ft6in x 9ft,169,Windows: 1 West facing crank window  - view of Walker Beach,Other: two rooms; outer room - indirect bath access
CLARK-I,108B,Dimensions: 10ft3in x 11ft,113,Windows: 1 West facing crank window - view of Walker Beach,Other: two rooms; inner room - direct bath access
CLARK-I,109A,Dimensions: 9ft3in x 15ft9in,146,Windows: 1 South facing glass door - view of CLARK-I central courtyard,"Other: two rooms; outer room - indirect bath access, short balcony"
CLARK-I,109B,Dimensions: 10ft x 11ft9in,118,Windows: 1 North facing crank window - view of CLARK-I north courtyard,Other: two rooms; inner room - direct bath access
CLARK-I,110A,Dimensions: L shaped 10ft9in x 17ft3in Plus stair entryway 4ft x 6ft3in,202,"Windows: 1 West facing crank window, 1 East facing crank window - view of Walker Beach and CLARK-I central courtyard",Other: two rooms; outer room - indirect bath access
CLARK-I,110B,Dimensions: 10ft6in x 12ft9in,125,Windows: 1 West facing crank window - view of Walker Beach,Other: two rooms; inner room - direct bath access
CLARK-I,111A,Dimensions: 9ft9in x 13ft Plus 4ft6in x 5ft6in,152,"Windows: 1 West facing crank window, 1 North facing crank window - view of Walker Beach",Other: two rooms (plus entry room) - semi-direct bath access
CLARK-I,111B,Dimensions: 10ft6in x 13ft3in plus entryway 2ft6in x 3ft3in,138,Windows: 1 West facing crank window - view of Walker Beach,Other: two rooms (plus entry room) - semi-direct bath access
CLARK-I,112A,Dimensions: 9ft6in x 17ft3in,164,"Windows: 1 North facing crank window, 1 South facing crank window - view of CLARK-I north courtyard and Eighth St",Other: two rooms; outer room - indirect bath access
CLARK-I,112B,Dimensions: 10ft6in x 11ft9in,123,Windows: 1 North facing crank window - view of Eighth St,Other: two rooms; inner room - direct bath access
CLARK-I,113A,Dimensions: 10ft9in x 13ft6in,145,Windows: 1 North facing crank window - view of Eighth St,Other: two rooms; outer room - indirect bath access
CLARK-I,113B,Dimensions: 10ft6in x 11ft9in,123,Windows: 1 North facing crank window - view of Eighth St,Other: two rooms; inner room - direct bath access
CLARK-I,114A,Dimensions: 10ft9in x 13ft6in Plus 3ft3in x 6ft3in,165,Windows: 1 North facing crank window - view of Eighth St,Other: two rooms; outer room - direct bath access
CLARK-I,114B,Dimensions: 10ft9in x 11ft,109,Windows: 1 North facing crank window - view of Eighth St,Other: two rooms; inner room - indirect bath access
CLARK-I,115A,Dimensions: 11ft6in x 12ft3in,141,Windows: 1 West facing crank window - view of CLARK-I north courtyard,Other: two rooms; outer room - indirect bath access
CLARK-I,115B,Dimensions: 11ft6in x 12ft3in,141,Windows: 1 West facing crank window - view of CLARK-I north courtyard,Other: two rooms; inner room - direct bath access
CLARK-I,116A,Dimensions: 11ft x 11ft3in,124,Windows: 1 East facing crank window - view of the parking lot and Athearn Court,Other: two rooms; outer room - indirect bath access
CLARK-I,116B,Dimensions: 11ft x 11ft3in,124,Windows: 1 East facing crank window - view of the parking lot and Athearn Court,Other: two rooms; inner room - direct bath access
CLARK-I,117A,Dimensions: 9ft x 16ft9in,143,"Windows: 1 North facing crank window, 1 South facing crank window - view of the parking lot",Other: two rooms; outer room - direct bath access
CLARK-I,117B,Dimensions: 11ft x 14ft,154,Windows: 1 East facing crank window - view of the parking lot,"Other: two rooms; inner room - direct bath access, fireplace"
CLARK-I,118A,Dimensions: 11ft x 11ft3in,124,Windows: 1 East facing crank window - view of the parking lot and Athearn Court,Other: two rooms; outer room - indirect bath access
CLARK-I,118B,Dimensions: 11ft x 11ft3in,124,Windows: 1 East facing crank window - view of the parking lot and Athearn Court,Other: two rooms; inner room - direct bath access
CLARK-I,119A,Dimensions: 11ft3in x 12ft3in,138,Windows: 1 West facing crank window - view of CLARK-I central courtyard,Other: two rooms; outer room - indirect bath access
CLARK-I,119B,Dimensions: 11ft6in x 12ft3in,141,Windows: 1 West facing crank window - view of CLARK-I central courtyard,Other: two rooms; inner room - direct bath access
CLARK-I,120A,Dimensions: 9ft6in x 13ft plus stair entryway 9ft6in x 2ft3in,145,Windows: 1 South facing glass door - view of CLARK-I central courtyard,"Other: two rooms; outer room - indirect bath access, short balcony"
CLARK-I,120B,Dimensions: 9ft9in x 11ft6in,112,Windows: 1 North facing crank window - view of CLARK-I north courtyard,Other: two rooms; inner room - direct bath access
CLARK-I,121A,Dimensions: 11ft6in x 13ft3”,152,Windows: 1 West facing crank window - view of CLARK-I central courtyard,Other: two rooms; outer room - indirect bath access
CLARK-I,121B,Dimensions: 11ft6in x 12ft3in,141,Windows: 1 West facing crank window - view of CLARK-I central courtyard,Other: two rooms; inner room - direct bath access
CLARK-I,122A,Dimensions: 11ft x 11ft,121,Windows: 1 East facing crank window - view of the parking lot,Other: two rooms; outer room - indirect bath access
CLARK-I,122B,Dimensions: 11ft x 11ft9in,129,Windows: 1 East facing crank window - view of the parking lot,Other: two rooms; inner room - direct bath access
CLARK-I,123A,Dimensions: 9ft x 16ft9in,151,"Windows: 1 North facing crank window, 1 South facing crank window - view of the parking lot",Other: two rooms; outer room - direct bath access
CLARK-I,123B,Dimensions: 11ft x 13ft9in,151,Windows: 1 North facing crank window - view of the parking lot,"Other: two rooms; inner room - direct bath access, fireplace"
CLARK-I,124A,Dimensions: 11ft x 12,132,Windows: 1 East facing crank window - view of the parking lot and Athearn Court,Other: two rooms; outer room - indirect bath access
CLARK-I,124B,Dimensions: 10ft6in x 11ft,116,Windows: 1 East facing crank window - view of the parking lot and Athearn Court,Other: two rooms; inner room - direct bath access
CLARK-I,125A,Dimensions: 11ft3in x 13ft3in,149,Windows: 1 West facing crank window - view of CLARK-I central courtyard,Other: two rooms; outer room - indirect bath access
CLARK-I,125B,Dimensions: 11ft3in x 12ft3in,138,Windows: 1 West facing crank window - view of CLARK-I central courtyard,Other: two rooms; inner room - direct bath access
CLARK-I,126A,Dimensions: 11ft6in x 12ft3in,141,Windows: 1 West facing crank window - view of CLARK-I central courtyard,Other: two rooms; outer room - indirect bath access
CLARK-I,126B,Dimensions: 11ft3in x 12ft,135,Windows: 1 West facing crank window - view of CLARK-I central courtyard,Other: two rooms; inner room - direct bath access
CLARK-I,127A,Dimensions: 11ft x 11ft,121,Windows: 1 East facing crank window - view of the parking lot and Athearn Court,Other: two rooms; outer room  - indirect bath access
CLARK-I,127B,Dimensions: 11ft x 11ft6in,127,Windows: 1 East facing crank window - view of the parking lot and Athearn Court,Other: two rooms; inner room - direct bath access
CLARK-I,129A,Dimensions: 11ft x 11ft3in,124,Windows: 1 East facing crank window - view of the parking lot,Other: two rooms; outer room - indirect bath access
CLARK-I,129B,Dimensions: 11ft x 11ft9in,129,Windows: 1 East facing crank window,Other: two rooms; inner room - direct bath access
CLARK-I,130A,Dimensions: 11ft3in x 12ft3in,138,Windows: 1 West facing crank window,Other: two rooms; outer room - indirect bath access
CLARK-I,130B,Dimensions: 11ft3in x 12ft3in,138,Windows: 1 West facing crank window - view of CLARK-I south courtyard,Other: two rooms; inner room - direct bath access
CLARK-I,131A,Dimensions: 9ft6in x 13ft plus stair entryway 9ft6in x 2ft6in,147,Windows: 1 South facing glass door - view of CLARK-I south courtyard and Frary,"Other: two rooms; outer room - indirect bath access, short balcony"
CLARK-I,131B,Dimensions: 10ft x 12ft,120,Windows: 1 North facing crank window - view of CLARK-I central courtyard,Other: two rooms; inner room - direct bath access
CLARK-I,132A,Dimensions: 11ft3in x 12ft3in,138,Windows: 1 West facing crank window - view of CLARK-I south courtyard,Other: two rooms; outer room - indirect bath access
CLARK-I,132B,Dimensions: 11ft3in x 12ft3in,138,Windows: 1 West facing crank window - view of CLARK-I south courtyard,Other: two rooms; inner room - direct bath access
CLARK-I,133A,Dimensions: 10ft3in x 11ft3in,115,Windows: 1 East facing crank window - view of the parking lot and Athearn Court,Other: two rooms; outer room - indirect bath access
CLARK-I,133B,Dimensions: 10ft6in x 11ft3in,118,Windows: 1 East facing crank window - view of the parking lot and Athearn Court,Other: two rooms; inner room - direct bath access
CLARK-I,200A,Dimensions: 10ft6in x 17ft,171,Windows: 1 North facing crank window - view of the parking lot,Other: two rooms; outer room - direct bath access
CLARK-I,200B,Dimensions: 11ft x 13ft6in,149,Windows: 1 North facing crank window - view of the parking lot,"Other: two rooms; inner room - direct bath access, fireplace"
CLARK-I,201A,Dimensions: 11ft x 11ft3in,124,Windows: 1 East facing glass door - view of the parking lot and Athearn Court,"Other: two rooms; outer room - indirect bath access, small balcony"
CLARK-I,201B,Dimensions: 11ft x 11ft3in,124,Windows: 1 East facing crank window - view of the parking lot and Athearn Court,Other: two rooms; inner room - direct bath access
CLARK-I,202A,Dimensions: 11ft3in x 11ft9in,132,Windows: 1 West facing crank window - view of CLARK-I north courtyard,Other: two rooms; outer room - indirect bath access
CLARK-I,202B,Dimensions: 11ft3in x 12ft,135,Windows: 1 West facing crank window - view of CLARK-I north courtyard,Other: two rooms; inner room - direct bath access
CLARK-I,203A,Dimensions: 10ft9in x 17ft6in Plus 3ft x 3ft6in,199,Windows: 4 North facing crank windows - view of Eighth St,
CLARK-I,203B,Dimensions: 11ft x 16ft9in,184,"Windows: 2 North facing crank windows, 1 West facing window - view of Eighth St and Walker Beach",
CLARK-I,203C,Dimensions: 10ft3in x 13ft9in,141,Windows: 2 South facing crank windows - view of trees,
CLARK-I,205A,Dimensions: 11ft6in x 12ft3in,141,Windows: 1 West facing crank window - view of trees,Other: two rooms; outer room - indirect bath access
CLARK-I,205B,Dimensions: 11ft6in x 12ft3in,141,Windows: 1 West facing crank window - view of CLARK-I central courtyard,Other: two rooms; inner room - direct bath access
CLARK-I,206A,Dimensions: 10ft9in x 11ft,118,Windows: 1 East facing glass door - view of the parking lot and Athearn Court,"Other: two rooms; outer room - indirect bath access, small balcony"
CLARK-I,206B,Dimensions: 11ft x 12ft,132,Windows: 1 East facing crank window - view of the parking lot,Other: two rooms; inner room - direct bath access
CLARK-I,207A,Dimensions: L shaped 9ft9in x 17ft Plus 4ft9in x 8ft,195,"Windows: 2 North facing crank windows, 1 South facing window - view of the parking lot",Other: two rooms; outer room - direct bath access
CLARK-I,207B,Dimensions: 11ft x 13ft6in,149,Windows: 1 East facing crank window - view of the parking lot,"Other: two rooms; inner room - direct bath access, fireplace"
CLARK-I,208A,Dimensions: 11ft x 12ft3in,135,Windows: 1 East facing glass door - view of the parking lot,"Other: two rooms; outer room - indirect bath access, small balcony"
CLARK-I,208B,Dimensions: 10ft6in x 11ft,116,Windows: 1 East facing crank window - view of the parking lot and Athearn Court,Other: two rooms; inner room - direct bath access
CLARK-I,209A,Dimensions: 11ft6in x 12ft3in,141,Windows: 1 West facing crank window - view of CLARK-I central courtyard,Other: two rooms; outer room - indirect bath access
CLARK-I,209B,Dimensions: 11ft6in x 12ft3in,141,Windows: 1 West facing crank window - view of CLARK-I central courtyard,Other: two rooms; inner room - direct bath access
CLARK-I,210A,Dimensions: 11ft3in x 12ft3in,138,Windows: 1 West facing crank window - view of CLARK-I central courtyard,Other: two rooms; outer room - indirect bath access
CLARK-I,210B,Dimensions: 11ft3in x 12ft3in,138,Windows: 1 West facing crank window - view of CLARK-I central courtyard,Other: two rooms; inner room - direct bath access
CLARK-I,211A,Dimensions: 11ft x 11ft,121,Windows: 1 East facing glass door - view of the parking lot and Athearn Court,"Other: two rooms; outer room - indirect bath access, small balcony"
CLARK-I,211B,Dimensions: 11ft x 11ft3in,124,Windows: 1 East facing crank window - view of the parking lot,Other: two rooms; inner room - direct bath access
CLARK-I,212A,Dimensions: 11ft6in x 11ft9in,135,Windows: 1 East facing glass door - view of the parking lot and Athearn Court,"Other: two rooms; outer room - indirect bath access, small balcony"
CLARK-I,212B,Dimensions: 11ft x 11ft3in,124,Windows: 1 East facing crank window - view of the parking lot and Athearn Court,Other: two rooms; inner room - direct bath access
CLARK-I,213A,Dimensions: 11ft6in x 12ft3in,141,Windows: 1 West facing crank window - view of trees,Other: two rooms; outer room - indirect bath access
CLARK-I,213B,Dimensions: 11ft6in x 12ft3in,141,Windows: 1 West facing crank window - view of CLARK-I central courtyard,Other: two rooms; inner room - direct bath access
CLARK-I,214A,Dimensions: 10ft9in x 17ft6in Plus 3ft x 3ft6in,199,Windows: 4 North facing crank windows - view of CLARK-I central courtyard,
CLARK-I,214,Dimensions: 11ft x 16ft9in,184,Windows: 2 North facing crank windows - view of CLARK-I central courtyard,
CLARK-I,214C,Dimensions: 10ft3in x 13ft9in,141,"Windows: 2 South facing crank windows, 1 West facing window - view of CLARK-I south courtyard and Walker Beach",
CLARK-I,216A,Dimensions: 11ft3in x 12ft,135,Windows: 1 West facing crank window - view of CLARK-I south courtyard,Other: two rooms; outer room - indirect bath access
CLARK-I,216B,Dimensions: 11ft3in x 12ft3in,138,Windows: 1 West facing crank window - view of CLARK-I south courtyard,Other: two rooms; inner room - direct bath access
CLARK-I,217A,Dimensions: 10ft9in x 11ft,118,Windows: 1 East facing glass door - view of the parking lot,"Other: two rooms; outer room - indirect bath access, small balcony"
CLARK-I,217B,Dimensions: 11ft x 11ft9in,129,Windows: 1 East facing crank window - view of the parking lot,Other: two rooms; inner room - direct bath access
CLARK-I,218A,Dimensions: 11ft6in x 15ft3in,175,Windows: 2 North facing crank windows - view of the parking lot,Other: two rooms; outer room - direct bath access
CLARK-I,218B,Dimensions: 9ft3in x 17ft,149,Windows: 1 North facing crank window - view of the parking lot,Other: two rooms; inner room - direct bath access
CLARK-I,219A,Dimensions: 10ft9in x 11ft,118,Windows: 1 East facing glass door - view of the parking lot,"Other: two rooms; outer room - indirect bath access, small balcony"
CLARK-I,219B,Dimensions: 10ft6in x 11ft,116,Windows: 1 East facing crank window - view of the parking lot and Athearn Court,Other: two rooms; inner room - direct bath access
CLARK-I,220A,Dimensions: 11ft3in x 11ft9in,132,Windows: 1 West facing crank window - view of CLARK-I south courtyard,Other: two rooms; outer room - indirect bath access
CLARK-I,220B,Dimensions: 11ft3in x 12ft3in,138,Windows: 1 West facing crank window - view of CLARK-I south courtyard,Other: two rooms; inner room - direct bath access
CLARK-I,221,Dimensions: 12ft9in x 17ft6in Plus 4ft6in x 7ft9in,258,Windows: 2 South facing crank windows - view of the roof,Other: ONE room
CLARK-I,222,Dimensions: T shaped 15ft x 16ft9in Plus 6ft x 7ft,278,Windows: 2 South facing crank windows - view of the roof,Other: ONE room
CLARK-V,401,Dimensions: 11ft3in x 12ft9in,129,Windows: 1 South facing window - view of CLARK-V east entrance,
CLARK-V,402,Dimensions: 11ft3in x 12ft3in,124,Windows: 1 North facing window - view of Walker,
CLARK-V,403,Dimensions: 11ft3in x 12ft9in,129,Windows: 1 South facing window - view of CLARK-V east entrance,
CLARK-V,404,Dimensions: 11ft3in x 12ft6in,127,Windows: 1 North facing window - view of Walker,
CLARK-V,405,Dimensions: 11ft3in x 12ft9in,129,Windows: 1 North facing window - view of Walker,
CLARK-V,406,Dimensions: 11ft3in x 12ft9in,129,Windows: 1 North facing window - view of Walker,
CLARK-V,407,Dimensions: 11ft3in x 12ft6in,127,Windows: 1 South facing window - view of CLARK-V east entrance,
CLARK-V,408,Dimensions: 11ft3in x 12ft9in,129,Windows: 1 North facing window - view of Walker,
CLARK-V,409,Dimensions: 11ft3in x 12ft6in,127,Windows: 1 South facing window view - of CLARK-V east entrance,
CLARK-V,410,Dimensions: 11ft3in x 12ft9in 129,143,Windows: 1 North facing window - view of Walker,
CLARK-V,411,Dimensions: 11ft3in x 12ft6in,127,Windows: 1 South facing window - view of CLARK-V east courtyard,
CLARK-V,412,Dimensions: 11ft3in x 12ft9in,129,Windows: 1 North facing window - view of Walker,
CLARK-V,413,Dimensions: 11ft3in x 12ft6in,127,Windows: 1 North facing window - view of Walker,
CLARK-V,414,Dimensions: 11ft3in x 12ft9in,129,Windows: 1 North facing window - view of Walker,
CLARK-V,415,Dimensions: 11ft3in x 12ft6in,127,Windows: 1 South facing window - view of CLARK-V east courtyard,
CLARK-V,416,Dimensions: 11ft3in x 12ft9in,129,Windows: 1 North facing window - view of Walker,
CLARK-V,417,Dimensions: 11ft3in x 12ft9in,129,Windows: 1 South facing window - view of CLARK-V central courtyard,
CLARK-V,418,Dimensions: 11ft3in x 12ft9in,129,Windows: 1 North facing window - view of Walker,
CLARK-V,419,Dimensions: 11ft3in x 12ft9in,129,Windows: 1 South facing window - view of CLARK-V central courtyard,
CLARK-V,420,Dimensions: 11ft3in x 13ft 132,146,Windows: 1 North facing window - view of Walker,
CLARK-V,421,Dimensions: 11ft3in x 12ft3in,124,Windows: 1 North facing window - view of Walker,
CLARK-V,422,Dimensions: 11ft3in x 12ft9in,129,Windows: 1 South facing window - view of CLARK-V west courtyard,
CLARK-V,423,Dimensions: 11ft3in x 12ft6in,127,Windows: 1 North facing window - view of Walker,
CLARK-V,424,Dimensions: 11ft3in x 12ft9in,129,Windows: 1 South facing window - view of CLARK-V west courtyard,
CLARK-V,425,Dimensions: 11ft6in x 12ft,131,Windows: 1 West facing window; 1 North facing window - view of Walker and College Way,
CLARK-V,426,Dimensions: 11ft6in x 12ft,131,Windows: 1 West facing window - view of College Way,
CLARK-V,427,Dimensions: 11ft x 16ft3in,165,"Windows: 1 West facing window, 1 East facing window - view of College Way and CLARK-V west courtyard",
CLARK-V,428,Dimensions: 11ft3in x 16ft,166,"Windows: 1 West facing window, 1 East facing window - view of College Way and CLARK-V west courtyard",
CLARK-V,429,Dimensions: 11ft x 12ft,118,Windows: 1 West facing window - view of College Way,
CLARK-V,430,Dimensions: 9ft x 16ft,137,Windows: 1 West facing window - view of College Way,
CLARK-V,431,Dimensions: 14ft3in x 15ft3in plus entryway 1ft6in x 3ft6in,209,Windows: 1 West facing window; 1 South facing window - view of College Way and Sixth St.,
CLARK-V,432,Dimensions: 10ft3in x 14ft,129,Windows: 1 South facing window - view of Sixth St.,
CLARK-V,433,Dimensions: 10ft3in x 14ft,129,Windows: 1 South facing window - view of Sixth St.,
CLARK-V,434,Dimensions: 12ft3in x 14ft,172,Windows: 1 South facing window - view of Sixth St.,Other: fireplace
CLARK-V,435,Dimensions: 11ft x 15ft6in minus 1ft6in x 6ft,162,Windows: 1 South facing window - view of Sixth St.,Other: fireplace
CLARK-V,436,Dimensions: 10ft3in x 14ft3in,132,Windows: 1 South facing window - view of Sixth St.,
CLARK-V,437,Dimensions: 10ft9in x 16ft3in,161,Windows: 1 South facing window; 1 North facing window - view of Sixth St. and CLARK-V central courtyard,
CLARK-V,438,Dimensions: 10ft3in x 14ft9in,137,Windows: 1 South facing window - view of Sixth St.,
CLARK-V,439,Dimensions: 10ft3in x 14ft9in,132,Windows: 1 South facing window - view of Sixth St.,
CLARK-V,440,Dimensions: 11ft3in x 14ft6in,163,Windows: 1 South facing window - view of Sixth St.,Other: fireplace
CLARK-V,441,Dimensions: 11ft3in x 14ft plus 1ft9in x 5ft3in,167,Windows: 1 South facing window - view of Sixth St.,Other: fireplace
CLARK-V,442,Dimensions: 10ft3in x 14ft3in,132,Windows: 1 South facing window - view of Sixth St.,
CLARK-V,443,Dimensions: 11ft x 16ft,162,Windows: 1 South facing window; 1 North facing window - view of Sixth St. and CLARK-V east courtyard,
CLARK-V,444,Dimensions: 10ft3in x 14ft3in,132,Windows: 1 South facing window - view of Sixth St.,
CLARK-V,445,Dimensions: 10ft x 13ft9in,124,Windows: 1 South facing window - view of Sixth St.,
CLARK-V,446,Dimensions: 11ft3in x 14ft3in,160,Windows: 1 South facing window - view of Sixth St.,
CLARK-V,451,Dimensions: 11ft3in x 12ft9in,129,Windows: 1 South facing window - view of CLARK-V east entrance,
CLARK-V,452,Dimensions: 11ft3in x 12ft6in,127,Windows: 1 North facing window - view of Walker,
CLARK-V,453,Dimensions: 11ft3in x 12ft9in,129,Windows: 1 South facing window - view of CLARK-V east entrance,
CLARK-V,454,Dimensions: 11ft3in x 12ft3in,124,Windows: 1 North facing window - view of Walker,
CLARK-V,455,Dimensions: 11ft3in x 12ft9in,129,Windows: 1 North facing window - view of Walker,
CLARK-V,456,Dimensions: 11ft3in x 12ft9in,129,Windows: 1 North facing window - view of Walker,
CLARK-V,457,Dimensions: 11ft3in x 12ft9in,129,Windows: 1 South facing window - view of CLARK-V east entrance,
CLARK-V,458,Dimensions: 11ft3in x 12ft6in,127,Windows: 1 North facing window - view of Walker,
CLARK-V,459,Dimensions: 11ft3in x 12ft3in,124,Windows: 1 South facing window - view of CLARK-V east entrance,
CLARK-V,460,Dimensions: 11ft3in x 12ft9in,129,Windows: 1 North facing window - view of Walker,
CLARK-V,461,Dimensions: 11ft3in x 12ft9in,129,Windows: 1 South facing window - view of CLARK-V east courtyard,
CLARK-V,462,Dimensions: 11ft3in x 12ft9in,129,Windows: 1 North facing window - view of Walker,
CLARK-V,463,Dimensions: 11ft3in x 12ft9in,129,Windows: 1 North facing window - view of Walker,
CLARK-V,464,Dimensions: 11ft3in x 12ft9in,129,Windows: 1 North facing window - view of Walker,
CLARK-V,465,Dimensions: 11ft3in x 12ft6in,127,Windows: 1 South facing window - view of CLARK-V east courtyard,
CLARK-V,466,Dimensions: 11ft3in x 12ft6in,127,Windows: 1 North facing window - view of Walker,
CLARK-V,467,Dimensions: 11ft3in x 12ft6in,127,Windows: 1 South facing window - view of CLARK-V central courtyard,
CLARK-V,468,Dimensions: 11ft3in x 12ft9in,129,Windows: 1 North facing window - view of Walker,
CLARK-V,469,Dimensions: 11ft3in x 12ft9in,129,Windows: 1 South facing window - view of CLARK-V central courtyard,
CLARK-V,470,Dimensions: 11ft3in x 12ft9in,129,Windows: 1 North facing window - view of Walker,
CLARK-V,471,Dimensions: 11ft3in x 12ft7in,126,Windows: 1 North facing window - view of Walker,
CLARK-V,472,Dimensions: 11ft3in x 12ft9in,129,Windows: 1 South facing window - view of CLARK-V west courtyard,
CLARK-V,473,Dimensions: 11ft3in x 12ft6in,127,Windows: 1 North facing window - view of Walker,
CLARK-V,474,Dimensions: 11ft3in x 12ft9in,129,Windows: 1 South facing window - view of CLARK-V west courtyard,
CLARK-V,S1A,Dimensions: 11ft6in x 14ft3in,142,Windows: 1 West facing window - view of CLARK-V west courtyard,Other: fireplace cut corner (- 8 square feet)
CLARK-V,S1B,Dimensions: 11ft x 12ft3in plus entryway 2ft x 3ft6in minus 2ft3in x 4ft3in,125,Windows: 1 East facing window; 1 North facing window - view of CLARK-V central courtyard,
CLARK-V,S2A,Dimensions: 11ft6in x 14ft3in,142,Windows: 1 West facing window - view of CLARK-V west courtyard,Other: fireplace cut corner (- 8 square feet)
CLARK-V,S2B,Dimensions: 11ft x 12ft3in plus entryway 2ft x 3ft6in minus 2ft3in x 4ft3in,125,Windows: 2 East facing windows - view of CLARK-V central courtyard,
CLARK-V,S3A,Dimensions: 11ft6in x 14ft3in,142,Windows: 1 West facing window - view of CLARK-V central courtyard,Other: fireplace cut corner (- 8 square feet)
CLARK-V,S3B,Dimensions: 11ft x 12ft3in plus entryway 2ft x 3ft6in minus 2ft3in x 4ft3in,125,Windows: 1 East facing window; 1 North facing window - view of CLARK-V east courtyard,
CLARK-V,S4A,Dimensions: 11ft6in x 14ft3in,142,Windows: 1 West facing window - view of CLARK-V central courtyard,Other: fireplace cut corner (- 8 square feet)
CLARK-V,S4B,Dimensions: 11ft x 12ft3in plus entryway 2ft x 3ft6in minus 2ft3in x 4ft3in,125,Windows: 2 East facing windows - view of CLARK-V east courtyard,
CLARK-V,S5A,Dimensions: 11ft6in x 14ft3in,142,Windows: 1 West facing window - view of CLARK-V east courtyard,Other: fireplace cut corner (- 8 square feet)
CLARK-V,S5B,Dimensions: 11ft x 12ft3in plus entryway 2ft x 3ft6in minus 2ft3in x 4ft3in,125,Windows: 1 East facing window; 1 North facing window - view of CLARK-V east entrance,
CLARK-V,S6A,Dimensions: 11ft6in x 14ft3in,142,Windows: 1 West facing window - view of CLARK-V east courtyard,Other: fireplace cut corner (- 8 square feet)
CLARK-V,S6B,Dimensions: 11ft x 12ft3in plus entryway 2ft x 3ft6in minus 2ft3in x 4ft3in,125,Windows: 2 East facing windows - view of CLARK-V east entrance,
CLARK-V,S21A,Dimensions: 11ft6in x 14ft3in,142,Windows: 1 West facing window - view of CLARK-V west courtyard,Other: fireplace cut corner (- 8 square feet)
CLARK-V,S21B,Dimensions: 11ft x 12ft3in plus entryway 2ft x 3ft6in minus 2ft3in x 4ft3in,125,Windows: 1 East facing window; 1 North facing window - view of CLARK-V central courtyard,
CLARK-V,S22A,Dimensions: 11ft6in x 14ft3in,142,Windows: 1 West facing window - view of CLARK-V west courtyard,Other: fireplace cut corner (- 8 square feet)
CLARK-V,S22B,Dimensions: 11ft x 12ft3in plus entryway 2ft x 3ft6in minus 2ft3in x 4ft3in,125,Windows: 1 East facing window; 1 South facing window - view of CLARK-V central courtyard,
CLARK-V,S23A,Dimensions: 11ft6in x 14ft3in,142,Windows: 1 West facing window - view of CLARK-V central courtyard,Other: fireplace cut corner (- 8 square feet)
CLARK-V,S23B,Dimensions: 11ft x 12ft3in plus entryway 2ft x 3ft6in minus 2ft3in x 4ft3in,125,Windows: 1 East facing window; 1 North facing window - view of CLARK-V east courtyard,
CLARK-V,S24A,Dimensions: 11ft6in x 14ft3in,142,Windows: 1 West facing window - view of CLARK-V central courtyard,Other: fireplace cut corner (- 8 square feet)
CLARK-V,S24B,Dimensions: 11ft x 12ft3in plus entryway 2ft x 3ft6in minus 2ft3in x 4ft3in,125,Windows: 1 East facing window; 1 South facing window - view of CLARK-V east courtyard,
CLARK-V,S25A,Dimensions: 11ft6in x 14ft3in,142,Windows: 1 West facing window - view of CLARK-V east courtyard,Other: fireplace cut corner (- 8 square feet)
CLARK-V,S25B,Dimensions: 11ft x 12ft3in plus entryway 2ft x 3ft6in minus 2ft3in x 4ft3in,125,Windows: 1 East facing window; 1 North facing window - view of CLARK-V east entrance,
CLARK-V,S26A,Dimensions: 11ft6in x 14ft3in,142,Windows: 1 West facing window - view of CLARK-V east courtyard,Other: fireplace cut corner (- 8 square feet)
CLARK-V,S26B,Dimensions: 11ft x 12ft3in plus entryway 2ft x 3ft6in minus 2ft3in x 4ft3in,125,Windows: 1 East facing window; 1 South facing window - view of CLARK-V east entrance,
LAWRY,A11,Dimensions: 9ft9in x 14ft6in,128,Windows: 1 North facing crank window - view of the parking lot,
LAWRY,A12,Dimensions: 9ft9in x 14ft6in,128,Windows: 1 West facing crank window; 1 South facing crank window - view of Walton Commons and Clark III,
LAWRY,A13,Dimensions: 9ft9in x 13ft9in,120,Windows: 1 West facing crank window; 1 North facing crank window - view of the parking lot,
LAWRY,A14,Dimensions: 9ft9in x 13ft9in,120,Windows: 1 West facing crank window; 1 South facing crank window - view of Walton Commons and Clark III,
LAWRY,A15,Dimensions: 9ft9in x 13ft9in,120,Windows: 1 East facing crank window; 1 North facing crank window - view of the parking lot,
LAWRY,A16,Dimensions: 9ft9in x 13ft9in,120,Windows: 1 East facing crank window; 1 South facing crank window - view of Walton Commons,
LAWRY,A17,Dimensions: 9ft6in x 13ft9in,116,Windows: 1 North facing crank window; 1 East facing crank window - view of the parking lot and Lawry B-tower,
LAWRY,A18,Dimensions: 9ft6in x 13ft9in,116,Windows: 1 North facing crank window; 1 East facing crank window - view of Lawry B-tower,
LAWRY,A21,Dimensions: 9ft9in x 14ft6in,128,Windows: 1 North facing crank window view of the parking lot,
LAWRY,A22,Dimensions: 9ft9in x 14ft6in,128,Windows: 1 West facing crank window; 1 South facing crank window - view of Walton Commons and Clark III,
LAWRY,A23,Dimensions: 9ft9in x 13ft9in,120,Windows: 1 West facing crank window; 1 North facing crank window - view of the parking lot,
LAWRY,A24,Dimensions: 9ft9in x 13ft9in,120,Windows: 1 West facing crank window; 1 South facing crank window - view of Walton Commons and Clark III,
LAWRY,A25,Dimensions: 9ft9in x 13ft9in,120,Windows: 1 East facing crank window; 1 North facing crank window - view of the parking lot,
LAWRY,A26,Dimensions: 9ft9in x 13ft9in,120,Windows: 1 East facing crank window; 1 South facing crank window - view of Walton Commons and Lawry B-tower,
LAWRY,A27,Dimensions: 9ft6in x 13ft9in,116,Windows: 1 North facing crank window; 1 East facing crank window - view of the parking lot and Lawry B-tower,
LAWRY,A28,Dimensions: 9ft6in x 13ft9in,116,,
LAWRY,A35,Dimensions: 9ft9in x 13ft9in,120,Windows: 1 East facing crank window; 1 North facing crank window - view of the parking lot,Other: High ceiling
LAWRY,A36,Dimensions: 9ft9in x 13ft9in,120,Windows: 1 East facing crank window; 1 South facing crank window - view of Walton Commons and Lawry B-tower,Other: High ceiling
LAWRY,A37,Dimensions: 9ft6in x 13ft9in,116,Windows: 1 North facing crank window; 1 East facing crank window - view of the parking lot and Lawry B-tower,Other: High ceiling
LAWRY,A38,Dimensions: 9ft6in x 13ft9in,116,Windows: 1 North facing crank window; 1 East facing crank window - view of Lawry B-tower,Other: High ceiling
LAWRY,B12,Dimensions: 9ft9in x 14ft6in,128,Windows: 1 West facing crank window; 1 South facing crank window - view of Walton Commons and Lawry A-tower,
LAWRY,B13,Dimensions: 9ft9in x 13ft9in,120,Windows: 1 West facing crank window; 1 North facing crank window - view of the parking lot and Lawry A-tower,
LAWRY,B14,Dimensions: 9ft9in x 13ft9in,120,Windows: 1 West facing crank window; 1 South facing crank window - view of Walton Commons and Clark III,
LAWRY,B15,Dimensions: 9ft9in x 13ft9in,120,Windows: 1 East facing crank window; 1 North facing crank window - view of the parking lot,
LAWRY,B16,Dimensions: 9ft9in x 13ft9in,120,Windows: 1 East facing crank window; 1 South facing crank window - view of Walton Commons,
LAWRY,B18,Dimensions: 9ft6in x 13ft9in,116,Windows: 1 North facing crank window; 1 East facing crank window - view of Lawry C-tower,
LAWRY,B22,Dimensions: 9ft9in x 14ft6in,128,Windows: 1 West facing crank window; 1 South facing crank window - view of Walton Commons and Lawry A-tower,
LAWRY,B23,Dimensions: 9ft9in x 13ft9in,120,Windows: 1 West facing crank window; 1 North facing crank window - view of the parking lot and Lawry A-tower,
LAWRY,B24,Dimensions: 9ft9in x 13ft9in,120,Windows: 1 West facing crank window; 1 South facing crank window - view of Walton Commons and Clark III,
LAWRY,B25,Dimensions: 9ft9in x 13ft9in,120,Windows: 1 East facing crank window; 1 North facing crank window - view of the parking lot,
LAWRY,B26,Dimensions: 9ft9in x 13ft9in,120,Windows: 1 East facing crank window; 1 South facing crank window - view of Walton Commons and Lawry C-tower,
LAWRY,B27,Dimensions: 9ft6in x 13ft9in,116,Windows: 1 North facing crank window; 1 East facing crank window view of the parking lot and Lawry C-tower,
LAWRY,B28,Dimensions: 9ft6in x 13ft9in,116,Windows: 1 North facing crank window; 1 East facing crank window - view of Lawry C-tower,
LAWRY,B32,Dimensions: 9ft9in x 14ft6in,128,Windows: 1 West facing crank window; 1 South facing crank window - view of Walton Commons and Lawry A-tower,Other: High ceiling
LAWRY,B33,Dimensions: 9ft9in x 13ft9in,120,Windows: 1 West facing crank window; 1 North facing crank window - view of the parking lot and Lawry A-tower,Other: High ceiling
LAWRY,B34,Dimensions: 9ft9in x 13ft9in,120,Windows: 1 West facing crank window; 1 South facing crank window - view of Walton Commons and Clark III,Other: High ceiling
LAWRY,B35,Dimensions: 9ft9in x 13ft9in,120,Windows: 1 East facing crank window; 1 North facing crank window - view of the parking lot,Other: High ceiling
LAWRY,B36,Dimensions: 9ft9in x 13ft9in,120,Windows: 1 East facing crank window; 1 South facing crank window - view of Walton Commons and Lawry C-tower,Other: High ceiling
LAWRY,B37,Dimensions: 9ft6in x 13ft9in,116,Windows: 1 North facing crank window; 1 East facing crank window - view of the parking lot and Lawry C-tower,Other: High ceiling
LAWRY,B38,Dimensions: 9ft6in x 13ft9in,116,,
LAWRY,C12,Dimensions: 9ft9in x 14ft6in,128,Windows: 1 West facing crank window; 1 South facing crank window - view of Walton Commons and Lawry B-tower,
LAWRY,C13,Dimensions: 9ft9in x 13ft9in,120,Windows: 1 West facing crank window; 1 North facing crank window - view of the parking lot and Lawry B-tower,
LAWRY,C14,Dimensions: 9ft9in x 13ft9in,120,Windows: 1 West facing crank window; 1 South facing crank window - view of Walton Commons and Lawry B-tower,
LAWRY,C15,Dimensions: 9ft9in x 13ft9in,120,Windows: 1 East facing crank window; 1 North facing crank window - view of the parking lot,
LAWRY,C16,Dimensions: 9ft9in x 13ft9in,120,Windows: 1 East facing crank window; 1 South facing crank window - view of Walton Commons,
LAWRY,C17,Dimensions: 9ft6in x 13ft9in,116,Windows: 1 North facing crank window; 1 East facing crank window - view of the parking lot,
LAWRY,C18,Dimensions: 9ft6in x 13ft9in,116,Windows: 1 North facing crank window; 1 East facing crank window - view of the parking lot,
LAWRY,C22,Dimensions: 9ft9in x 14ft6in,128,Windows: 1 West facing crank window; 1 South facing crank window - view of Walton Commons and Lawry B-tower,
LAWRY,C23,Dimensions: 9ft9in x 13ft9in,120,Windows: 1 West facing crank window; 1 North facing crank window - view of the parking lot and Lawry B-tower,
LAWRY,C24,Dimensions: 9ft9in x 13ft9in,120,Windows: 1 West facing crank window; 1 South facing crank window - view of Walton Commons and Lawry B-tower,
LAWRY,C25,Dimensions: 9ft9in x 13ft9in,120,Windows: 1 East facing crank window; 1 North facing crank window - view of the parking lot,
LAWRY,C26,Dimensions: 9ft9in x 13ft9in,120,Windows: 1 East facing crank window; 1 South facing crank window - view of Walton Commons,
LAWRY,C27,Dimensions: 9ft6in x 13ft9in,116,Windows: 1 North facing crank window; 1 East facing crank window - view of the parking lot,
LAWRY,C28,Dimensions: 9ft6in x 13ft9in,116,Windows: 1 North facing crank window; 1 East facing crank window - view of the parking lot,
LAWRY,C32,Dimensions: 9ft9in x 14ft6in,128,Windows: 1 West facing crank window; 1 South facing crank window - view of Walton Commons and Lawry B-tower,Other: High ceiling
LAWRY,C33,Dimensions: 9ft9in x 13ft9in,120,Windows: 1 West facing crank window; 1 North facing crank window - view of the parking lot and Lawry B-tower,Other: High ceiling
LAWRY,C34,Dimensions: 9ft9in x 13ft9in,120,Windows: 1 West facing crank window; 1 South facing crank window - view of Walton Commons and Lawry B-tower,Other: High ceiling
LAWRY,C35,Dimensions: 9ft9in x 13ft9in,120,Windows: 1 East facing crank window; 1 North facing crank window - view of the parking lot,Other: High ceiling
LAWRY,C36,Dimensions: 9ft9in x 13ft9in,120,Windows: 1 East facing crank window; 1 South facing crank window - view of Walton Commons,Other: High ceiling
LAWRY,C37,Dimensions: 9ft6in x 13ft9in,116,Windows: 1 North facing crank window; 1 East facing crank window view of the parking lot,Other: High ceiling
LAWRY,C38,Dimensions: 9ft6in x 13ft9in,116,Windows: 1 North facing crank window; 1 East facing crank window - view of the parking lot,Other: High ceiling
WALKER,601,Dimensions: 12ft3in x 16ft,178,Windows: 2 West facing crank windows - view of College Way,
WALKER,602,Dimensions: 12ft3in x 16ft,178,Windows: 2 West facing crank windows - view of College Way,
WALKER,603,Dimensions: 11ft3in x 13ft,146,Windows: 1 South facing crank window - view of Clark V,Other: two rooms (w/604); outer room
WALKER,604,Dimensions: 10ft9in x 10ft9in,116,Windows: 1 South facing crank window - view of Clark V,Other: two rooms (w/603); inner room
WALKER,624,Dimensions: 12ft9in x 13ft3in,169,Windows: 1 West facing crank window - view of Walker patio C,Other: two rooms (w/625); outer room
WALKER,625,Dimensions: 8ft3in x 10ft3in,85,Windows: 1 West facing crank window - view of Walker patio C,Other: two rooms (w/624); inner room
WALKER,626,Dimensions: 10ft9in x 13ft3in,142,Windows: 1 West facing crank window - view of Walker patio C,Other: two rooms (w/627); outer room
WALKER,627,Dimensions: 10ft9in x 11ft,118,Windows: 1 West facing crank window - view of Walker patio C,Other: two rooms (w/626); inner room
WALKER,628,Dimensions: 10ft9in x 13ft3in,142,Windows: 1 East facing crank window - view of Walker patio C,Other: two rooms (w/629); outer room
WALKER,629,Dimensions: 10ft9in x 11ft,118,Windows: 1 East facing crank window - view of Walker patio C,Other: two rooms (w/628); inner room
WALKER,630,Dimensions: 10ft9in x 13ft3in,142,Windows: 1 East facing crank window - view of Walker patio C,Other: two rooms (w/631); outer room
WALKER,631,Dimensions: 10ft9in x 11ft,118,Windows: 1 East facing crank window - view of Walker patio C,Other: two rooms (w/630); inner room
WALKER,632,Dimensions: 10ft9in x 13ft3in,142,Windows: 1 West facing crank window - view of Walker patio B,Other: two rooms (w/633); outer room
WALKER,633,Dimensions: 10ft9in x 11ft,118,Windows: 1 West facing crank window - view of Walker patio B,Other: two rooms (w/632); inner room
WALKER,634,Dimensions: 10ft9in x 13ft3in,142,Windows: 1 West facing crank window view of Walker patio B,Other: two rooms (w/635); outer room
WALKER,635,Dimensions: 10ft9in x 11ft,118,Windows: 1 West facing crank window - view of Walker patio B,Other: two rooms (w/634); inner room
WALKER,636,Dimensions: 10ft9in x 13ft3in,142,Windows: 1 East facing crank window - view of Walker patio B,Other: two rooms (w/637); outer room
WALKER,637,Dimensions: 10ft9in x 11ft,118,Windows: 1 East facing crank window view of Walker patio B,Other: two rooms (w/636); inner room
WALKER,638,Dimensions: 10ft9in x 13ft3in,142,Windows: 1 East facing crank window - view of Walker patio B,Other: two rooms (w/639); outer room
WALKER,639,Dimensions: 10ft9in x 11ft,118,Windows: 1 East facing crank window - view of Walker patio B,Other: two rooms (w/638); inner room
WALKER,640,Dimensions: 10ft9in x 13ft3in,142,Windows: 1 West facing crank window - view of Walker patio A,Other: two rooms (w/641); outer room
WALKER,641,Dimensions: 10ft9in x 11ft,118,Windows: 1 West facing crank window - view of Walker patio A,Other: two rooms (w/640); inner room
WALKER,642,Dimensions: 10ft9in x 13ft3in,142,Windows: 1 West facing crank window - view of Walker patio A,Other: two rooms (w/643); outer room
WALKER,643,Dimensions: 10ft9in x 11ft,118,Windows: 1 West facing crank window - view of Walker patio A,Other: two rooms (w/642) - inner room
WALKER,644,Dimensions: 11ft x 13ft3in,146,Windows: 1 East facing crank window - view of Walker patio A,Other: two rooms (w/645) - outer room
WALKER,645,Dimensions: 10ft9in x 11ft,118,Windows: 1 East facing crank window - view of Walker patio A,Other: two rooms (w/644) - inner room
WALKER,646,Dimensions: 11ft x 13ft3in,146,Windows: 1 East facing crank window - view of Walker patio A,Other: two rooms (w/647) - outer room
WALKER,647,Dimensions: 10ft9in x 11ft,118,Windows: 1 East facing crank window - view of Walker patio A,Other: two rooms (w/646); inner room
WALKER,648,Dimensions: 11ft x 13ft3in,146,Windows: 1 West facing crank window - view of College Way,Other: two rooms (w/649); outer room
WALKER,649,Dimensions: 10ft9in x 11ft,118,Windows: 1 West facing crank window - view of College Way,Other: two rooms (w/648); inner room
WALKER,650,Dimensions: 11ft x 13ft3in,146,Windows: 1 West facing crank window - view of College Way,Other: two rooms (w/651); outer room
WALKER,651,Dimensions: 11ft x 11ft3in,124,Windows: 1 West facing crank window - view of College Way,Other: two rooms (w/650); inner room
WALKER,652,Dimensions: 10ft9in x 13ft3in,131,Windows: 1 North facing crank window - view of Walker Beach,
WALKER,653,Dimensions: 10ft9in x 13ft3in,131,"Windows: 1 North facing crank window, 1 East facing crank window - view of Walker Beach and Walker patio A Bath: Shared with 646 and 647",
WALKER,654,Dimensions: 10ft9in x 13ft3in,131,Windows: 1 North facing crank window - view of Walker Beach Bath: Shared with 642 and 643,
WALKER,655,Dimensions: 10ft9in x 13ft3in,131,Windows: 1 North facing crank window - view of Walker Beach,
WALKER,656,Dimensions: 10ft9in x 13ft3in,131,Windows: 1 North facing crank window - view of Walker Beach,
WALKER,657,Dimensions: 10ft9in x 13ft3in,131,Windows: 1 North facing crank window - view of Walker Beach,
WALKER,701,Dimensions: 11ft6in x 13ft,139,Windows: 1 South facing crank window - view of Clark V,
WALKER,702,Dimensions: 10ft9in x 13ft,129,Windows: 1 North facing crank window - view of Walker patio A and Walker Beach,
WALKER,703,Dimensions: 10ft9in x 13ft,129,Windows: 1 South facing crank window - view of Clark V,
WALKER,704,Dimensions: 11ft x 13ft,129,Windows: 1 North facing crank window - view of Walker patio A and Walker Beach,
WALKER,705,Dimensions: 10ft3in x 13ft,122,Windows: 1 South facing crank window - view of Clark V,
WALKER,706,Dimensions: 11ft x 13ft,132,Windows: 1 North facing crank window - view of Walker patio A and Walker Beach,
WALKER,707,Dimensions: 10ft9in x 13ft,129,Windows: 1 South facing crank window - view of Clark V,
WALKER,708,Dimensions: 10ft9 x 13ft,127,Windows: 1 North facing crank window - view of Walker patio A and Walker Beach,
WALKER,709,Dimensions: 10ft9in x 13ft,129,Windows: 1 South facing crank window - view of Clark V,
WALKER,710,Dimensions: 10ft9 x 13ft,129,Windows: 1 North facing crank window - view of Walker patio A and Walker Beach,
WALKER,711,Dimensions: 10ft9in x 13ft,129,Windows: 1 South facing crank window - view of Clark V,
WALKER,712,Dimensions: 11ft x 13ft,132,Windows: 1 South facing crank window - view of Clark V,
WALKER,713,Dimensions: 10ft9in x 13ft,129,Windows: 1 South facing crank window - view of Clark V,
WALKER,714,Dimensions: 10ft9in x 13ft,129,Windows: 1 North facing crank window - view of Walker patio B and Walker Beach,
WALKER,715,Dimensions: 10ft3in x 13ft,122,Windows: 1 South facing crank window - view of Clark V,
WALKER,716,Dimensions: 11ft x 13ft,132,Windows: 1 North facing crank window - view of Walker patio B and Walker Beach,
WALKER,717,Dimensions: 11ft6in x 13’,139,Windows: 1 South facing crank window - view of Clark V,
WALKER,718,Dimensions: 10ft6in x 13ft,124,Windows: 1 North facing crank window - view of Walker patio B and Walker Beach,
WALKER,719,Dimensions: 10ft6in x 13ft,126,Windows: 1 South facing crank window - view of Clark V,
WALKER,720,Dimensions: 10ft9in x 13ft,129,Windows: 1 North facing crank window - view of Walker patio B and Walker Beach,
WALKER,721,Dimensions: 10ft9in x 13ft,129,Windows: 1 South facing crank window - view of Clark V,
WALKER,722,Dimensions: 10ft9in x 13ft,129,Windows: 1 South facing crank window - view of Clark V,
WALKER,723,Dimensions: 11ft x 13ft,132,Windows: 1 South facing crank window - view of Clark V,
WALKER,724,Dimensions: 10ft9in x 13ft,129,Windows: 1 North facing crank window - view of Walker patio C and Walker Beach,
WALKER,725,Dimensions: 11ft x 13ft,132,Windows: 1 South facing crank window - view of Clark V,
WALKER,726,Dimensions: 11ft x 13ft,132,Windows: 1 North facing crank window - view of Walker patio C and Walker Beach,
WALKER,727,Dimensions: 10ft6in x 13ft,126,Windows: 1 South facing crank window - view of Clark V,
WALKER,728,Dimensions: 11ft3in x 13ft,135,Windows: 1 North facing crank window - view of Walker patio C and Walker Beach,
WALKER,729,Dimensions: 10ft6in x 13ft,126,Windows: 1 South facing crank window - view of Clark V,
WALKER,730,Dimensions: 10ft9in x 13ft,127,Windows: 1 North facing crank window - view of Walker patio C and Walker Beach,
WALKER,731,Dimensions: 10ft9in x 13ft,129,Windows: 1 South facing crank window - view of Clark V,
WALKER,732,Dimensions: 10ft9in x 13ft,129,Windows: 1 North facing crank window - view of Walker patio C and Walker Beach,
WALKER,733,Dimensions: 11ft x 13ft,132,Windows: 1 South facing crank window - view of Clark V,
WALKER,734,Dimensions: 10ft9in x 13ft3in,142,Windows: 1 West facing crank window view of Walker patio C,Other: two rooms (w/735); outer room
WALKER,735,Dimensions: 10ft9in x 11ft,118,Windows: 1 West facing crank window - view of Walker patio C,Other: two rooms (w/734); inner room
WALKER,736,Dimensions: 10ft9in x 13ft3in,142,Windows: 1 West facing crank window - view of Walker patio C,Other: two rooms (w/737); outer room
WALKER,737,Dimensions: 10ft9in x 11ft,118,Windows: 1 West facing crank window - view of Walker patio C,Other: two rooms (w/736); inner room
WALKER,738,Dimensions: 10ft9in x 13ft3in,142,Windows: 1 East facing crank window - view of Walker patio C,Other: two rooms (w/739); outer room
WALKER,739,Dimensions: 10ft9in x 11ft,118,Windows: 1 East facing crank window - view of Walker patio C,Other: two rooms (w/738); inner room
WALKER,740,Dimensions: 10ft9in x 13ft3in,142,Windows: 1 East facing crank window - view of Walker patio C,Other: two rooms (w/741); outer room
WALKER,741,Dimensions: 10ft9in x 11ft,118,Windows: 1 East facing crank window - view of Walker patio C,Other: two rooms (w/740); inner room
WALKER,742,Dimensions: 10ft9in x 13ft3in,142,Windows: 1 West facing crank window - view of Walker patio B,Other: two rooms (w/743); outer room
WALKER,743,Dimensions: 10ft9in x 11ft,118,Windows: 1 West facing crank window - view of Walker patio B,Other: two rooms (w/742); inner room
WALKER,744,Dimensions: 10ft9in x 13ft3in,142,Windows: 1 West facing crank window - view of Walker patio B,Other: two rooms (w/745); outer room
WALKER,745,Dimensions: 10ft9in x 11ft,118,Windows: 1 West facing crank window - view of Walker patio B,Other: two rooms (w/744); inner room
WALKER,746,Dimensions: 10ft9in x 13ft3in,142,Windows: 1 East facing crank window - view of Walker patio B,Other: two rooms (w/747); outer room
WALKER,747,Dimensions: 10ft9in x 11ft,118,Windows: 1 East facing crank window - view of Walker patio B,Other: two rooms (w/746); inner room
WALKER,748,Dimensions: 10ft9in x 13ft3in,142,Windows: 1 East facing crank window - view of Walker patio B,Other: two rooms (w/749); outer room
WALKER,749,Dimensions: 10ft9in x 11ft,118,Windows: 1 East facing crank window - view of Walker patio B,Other: two rooms (w/748); inner room
WALKER,750,Dimensions: 10ft9in x 13ft3in,142,Windows: 1 West facing crank window - view of Walker patio A,Other: two rooms (w/751); outer room
WALKER,751,Dimensions: 10ft9in x 11ft,118,Windows: 1 West facing crank window - view of Walker patio A,Other: two rooms (w/750); inner room
WALKER,752,Dimensions: 10ft9in x 13ft3in,142,Windows: 1 West facing crank window - view of Walker patio A,Other: two rooms (w/753); outer room
WALKER,753,Dimensions: 10ft9in x 11ft,118,Windows: 1 West facing crank window - view of Walker patio A,Other: two rooms (w/752); inner room
SMILEY,101,Dimensions: 9ft x 11ft,99,"Windows: 1 North facing sash window, 1 East facing sash window - view of Sixth St.",
SMILEY,102,Dimensions: 10’4” x 12’10”,133,Windows: 1 West facing sash window - view of Smith Campus Center,
SMILEY,103,Dimensions: 8ft9in x 14ft3in,125,Windows: 1 East facing sash window - view of Rains,
SMILEY,104,Dimensions: 9’2” x 12’10”,119,Windows: 1 West facing sash window - view of Smith Campus Center,
SMILEY,105,Dimensions: 9’2” x 12’3”,105,Windows: 1 East facing sash window - view of Rains,
SMILEY,106,Dimensions: 10ft9in x 11ft6in,124,Windows: 2 West facing sash windows - view of Smith Campus Center,
SMILEY,107,Dimensions: 8ft6in x 10ft6in Plus 3ft x 4ft3in,102,Windows: 1 East facing sash window - view of Rains,
SMILEY,108,Dimensions: 8’8” x 11’1”,96,Windows: 1 West facing sash window - view of Smith Campus Center,
SMILEY,109,Dimensions: 10’7” x 11’7”,122,Windows: 1 East facing sash window - view of Rains,
SMILEY,110,Dimensions: 11ft x 11ft6in,126,Windows: 1 West facing sash window - view of Smith Campus Center,
SMILEY,111,Dimensions: 10ft6in x 11ft3in,118,Windows: 2 East facing sash windows - view of Rains,
SMILEY,112,Dimensions: 11ft x 11ft,115,Windows: 1 West facing sash window - view of Smith Campus Center,
SMILEY,113,Dimensions: 11ft6in x 12ft,138,Windows: 1 East facing sash window - view of Rains,
SMILEY,114,Dimensions: 8’7” x 11’1”,95,Windows: 1 West facing sash window - view of Smith Campus Center,
SMILEY,115,Dimensions: 11ft3in x 11ft9in,132,Windows: 2 East facing sash windows - view of Rains,
SMILEY,201,Dimensions: 9ft x 11ft,143,"Windows: 1 East facing sash window, 1 North facing sash window - view of Sixth St.",
SMILEY,202,Dimensions: 9ft6in x 10ft3in plus entryway 4ft x 6ft3in,122,Windows: 1 West facing sash window - view of Smith Campus Center,
SMILEY,203,Dimensions: 8ft9in x 14ft3in,125,Windows: 1 East facing sash window - view of Rains,
SMILEY,204,Dimensions: 8’7” x 13’1”,112,Windows: 1 West facing sash window - view of Smith Campus Center,
SMILEY,205,Dimensions: 8ft6in x 14ft9in,112,Windows: 1 East facing sash window - view of Rains,
SMILEY,206,Dimensions: 10ft6in x 11ft6in,121,Windows: 1 West facing sash window - view of Smith Ca,
SMILEY,209,Dimensions: 10ft6in x 11ft6in,121,Windows: 2 East facing sash windows - view of Rains,
SMILEY,210,Dimensions: 8’8in x 11’3”,97,Windows: 1 West facing sash window - view of Smith Campus Center,
SMILEY,211,Dimensions: 8’8” x 10’7”,91,Windows: 2 East facing sash windows - view of Rains,
SMILEY,212,Dimensions: 11ft x 11ft3in,124,Windows: 1 West facing sash window - view of Smith Campus Center,
SMILEY,213,Dimensions: 8ft9in x 11ft9in plus entryway 2ft6in x 4ft,113,Windows: 1 East facing sash window - view of Rains,
SMILEY,214,Dimensions: 8ft8” x 11ft1in,96,Windows: 2 West facing sash windows - view of Smith Campus Center,
SMILEY,215,Dimensions: 8ft9” x 11ft2in,97,Windows: 2 East facing sash windows - view of Rains,
SMILEY,216,Dimensions: 9ft x 11ft2in,100,Windows: 2 West facing sash windows - view of Smith Campus Center,
SMILEY,217,Dimensions: 9’1” x 11ft2in,101,Windows: 2 East facing sash windows - view of Rains,
SMILEY,218,Dimensions: 8ft9in x 11ft6in Plus 2ft9in x 4ft3in,112,Windows: 1 West facing sash window - view of Smith Campus Center,
SMILEY,219,Dimensions: 8ft9in x 12ft plus entryway 2ft6in x 4ft6in,116,Windows: 1 East facing sash window - view of Rains,
SMILEY,220,Dimensions: 7ft9in x 14’,109,Windows: 1 West facing sash window - view of Smith Campus Center,
SMILEY,221,Dimensions: 8ft10x 9’10”,87,Windows: 1 East facing sash window - view of Rains,
SMILEY,222,Dimensions: 14’1” x 16’8”,235,Windows: 2 East facing sash windows - view of Rains 1 South facing sash window,
SMILEY,301,Dimensions: 8ft9in x 10ft9in,94,"Windows: 1 East facing sash window, 1 North facing sash window - view of Rains and Sixth St.",
SMILEY,302,Dimensions: 10’4” x 12’10”,133,Windows: 1 West facing sash window - view of Smith Campus Center,
SMILEY,303,Dimensions: 8’8” x 11’4”,98,Windows: 1 East facing sash window - view of Rains,
SMILEY,304,Dimensions: 9’2” x 13’,119,Windows: 1 West facing sash window - view of Smith Campus Center,
SMILEY,305,Dimensions: 8ft10 x 11’4”,100,Windows: 1 East facing sash window - view of Rains,
SMILEY,306,Dimensions: 10ft6in x 11ft6in,121,Windows: 2 West facing sash windows - view of Smith Campus Center,
SMILEY,307,Dimensions: 8ft6in x 14ft3in,121,Windows: 1 East facing sash window - view of Rains,
SMILEY,308,Dimensions: 8’10” x 11’3”,98,Windows: 2 West facing sash windows - view of Smith Campus Center,
SMILEY,309,Dimensions: 11ft3in x 11ft6in,129,,
SMILEY,310,Dimensions: 8’7” x 11’7”,99,Windows: 1 West facing sash window - view of Smith Campus Center,
SMILEY,311,Dimensions: 8’9” x 10’6”,92,Windows: 2 East facing sash windows - view of Rains,
SMILEY,312,Dimensions: 11ft3in x 12ft,135,Windows: 1 West facing sash window - view of Smith Campus Center,
SMILEY,313,Dimensions:8’8” x 11’8”,101,Windows: 1 East facing sash window - view of Rains,
SMILEY,314,Dimensions: 8ft6in x 11ft plus entryway 2ft6in x 4ft3in,104,Windows: 1 West facing sash window - view of Smith Campus Center,
SMILEY,315,Dimensions: 11ft x 11ft3in,107,Windows: 2 West facing sash windows - view of Smith Campus Center,
SMILEY,316,Dimensions: 9’ x 11’1”,100,Windows: 2 West facing sash windows - view of Smith Campus Center,
SMILEY,317,Dimensions: 11ft x 11ft6in,109,Windows: 2 East facing sash windows - view of Rains,
SMILEY,318,Dimensions: 9ft x 11ft9in plus entryway 2ft9in x 4ft6in,118,Windows: 1 West facing sash window - view of Smith Campus Center,
SMILEY,319,Dimensions: 9ft x 11ft6in plus entryway 2ft6in x 4ft6in,117,Windows: 1 East facing sash window - view of Rains,
SMILEY,320,Dimensions: 7ft9in x 14’,109,Windows: 1 West facing sash window - view of Smith Campus Center,
SMILEY,321,Dimensions: 8ft9in x 14ft3in,125,Windows: 1 East facing sash window - view of Rains,
SMILEY,322,Dimensions: 8ft9in x 14ft3in,125,Windows: 1 East facing sash window - view of Rains,
SMILEY,323,Dimensions: 8ft6in x 10ft3in,96,"Windows: 1 East facing sash window, 1 South facing sash window - view of Rains",
NORTON-CLARK,1,Dimensions: 10ft9in x 12ft9in,137,Windows: 1 West facing crank window 1 North facing crank window - view of Lawry and N-CL courtyard,
NORTON-CLARK,2,Dimensions: 11ft x 12ft9in,140,Windows: 1 East facing crank window 1 North facing crank window - view of Lawry,
NORTON-CLARK,3,Dimensions: 11ft x 12ft9in,140,Windows: 1 East facing crank window - view of Walton Commons,
NORTON-CLARK,4,Dimensions: 11ft x 12ft9in,140,Windows: 1 East facing crank window view of Walton Commons,
NORTON-CLARK,5,Dimensions: 11ft x 12ft9in,140,Windows: 1 East facing crank window - view of Walton Commons,
NORTON-CLARK,6,Dimensions: 10ft9in x 12ft9in,137,Windows: 1 West facing crank window - view of N-CL courtyard,
NORTON-CLARK,7,Dimensions: 11ft x 12ft9in,140,Windows: 1 East facing crank window - view of Walton Commons,
NORTON-CLARK,8,Dimensions: 10ft9in x 12ft9in,137,Windows: 1 South facing crank window - view of Sixth St.,
NORTON-CLARK,9,Dimensions: 10ft9in x 12ft9in,137,Windows: 1 North facing crank window - view of N-CL courtyard,
NORTON-CLARK,12,Dimensions: 10’9in x 12ft9in,137,Windows: 1 South facing crank window - view of Sixth St.,
NORTON-CLARK,13,Dimensions: 10ft9in x 12ft9in,137,Windows: 1 North facing crank window - view of N-CL courtyard,
NORTON-CLARK,14,Dimensions: 10ft9in x 12ft9in,137,Windows: 1 South facing crank window - view of Sixth St.,
NORTON-CLARK,15,Dimensions: 10ft9in x 12ft9in,137,Windows: 1 North facing crank window - view of N-CL courtyard,
NORTON-CLARK,16,Dimensions: 10ft9in x 12ft9in,137,Windows: 1 South facing crank window - view of Sixth St.,
NORTON-CLARK,17,Dimensions: 10ft9in x 12ft9in,137,Windows: 1 South facing crank window - view of Sixth St.,
NORTON-CLARK,18,Dimensions: 10ft9in x 12ft9in,137,Windows: 1 South facing crank window - view of Sixth St.,
NORTON-CLARK,19,Dimensions: 10ft6in x 12ft9in,134,Windows: 1 North facing crank window - view of N-CL courtyard,
NORTON-CLARK,20,Dimensions: 10ft9in x 12ft9in,137,Windows: 1 South facing crank window - view of Sixth St.,
NORTON-CLARK,21,Dimensions: 10ft9in x 12ft9in,137,Windows: 1 North facing crank window - view of N-CL courtyard,
NORTON-CLARK,22,Dimensions: 10ft9in x 12ft9in,137,Windows: 1 South facing crank window - view of Sixth St.,
NORTON-CLARK,23,Dimensions: 11ft x 12ft9in,140,Windows: 1 South facing crank window - view of Sixth St.,
NORTON-CLARK,24,Dimensions: 10ft9in x 12ft9in,137,"Windows: 1 North facing crank window, 1 West facing crank window - view of N-CL courtyard and Lawry",
NORTON-CLARK,25,Dimensions: 11ft x 12ft9in,140,"Windows: 1 North facing crank window, 1 East facing crank window - view of Lawry and Walton Commons",
NORTON-CLARK,26,Dimensions: 11ft x 12ft9in,140,Windows: 1 East facing crank window - view of Walton Commons,
NORTON-CLARK,27,Dimensions: 11ft x 12ft9in,140,Windows: 1 East facing crank window - view of Walton Commons,
NORTON-CLARK,28,Dimensions: 11ft x 12ft9in,140,Windows: 1 East facing crank window - view of Walton Commons,
NORTON-CLARK,29,Dimensions: 11ft x 12ft9in,140,Windows: 1 West facing crank window - view of N-CL courtyard,
NORTON-CLARK,30,Dimensions: 11ft x 12ft9in,140,Windows: 1 East facing crank window - view of Walton Commons,
NORTON-CLARK,31,Dimensions: 11ft6in x 12ft9in,147,Windows: 1 West facing crank window - view of the roof,
NORTON-CLARK,32,Dimensions: 11ft x 12ft9in,140,Windows: 1 East facing crank window - view of the roof,
NORTON-CLARK,33,Dimensions: 11ft3in x 12ft9in,143,"Windows: 1 West facing crank window, 1 South facing crank window - view of the roof and Sixth St.",
NORTON-CLARK,34,Dimensions: 11ft x 12ft9in,140,"Windows: 1 East facing crank window, 1 South facing crank window - view of the roof and Sixth St.",
NORTON-CLARK,100,Dimensions: 10ft x 11ft6in,115,Windows: 1 East facing window - view of Eversole Courtyard,"Other: 2 doors in one from hallway, one from outside"
NORTON-CLARK,101,Dimensions: 12ft9in x 24ft,306,Windows: 2 East facing windows - view of Eversole Courtyard,
NORTON-CLARK,102,Dimensions: 9ft3in x 13ft3in,123,Windows: 1 East facing window - view of Eversole Courtyard,
NORTON-CLARK,103,Dimensions: L shaped 8ft9in x 22ft6in Plus 7ft x 10ft3in,269,Windows: 1 South facing window - view of N-CL and Walton Commons,"Other: 2 doors in one from Eversole Courtyard, one from the back of Frary/Lawry"
NORTON-CLARK,104,Dimensions: 10ft x 13ft,130,Windows: 1 East facing window - view of Lawry and Walton Commons,
NORTON-CLARK,105,Dimensions: 10ft9in x 11ft9in plus entryway 2ft3in x 4ft3in,136,Windows: 1 East facing window - view of Lawry and Walton Commons,
NORTON-CLARK,106,Dimensions: 10ft9in x 11ft9in plus entryway 2ft3in x 4ft3in,136,Windows: 1 East facing window - view of Lawry and Walton Commons,
NORTON-CLARK,107,Dimensions: 11ft6in x 13ft plus entryway 3ft6in x 4ft6in,156,Windows: 1 East facing window - view of Lawry and Walton Commons,
NORTON-CLARK,110,Dimensions: 11ft x 12ft plus entryway 2ft3in x 4ft6in,142,Windows: 1 South facing window - view of N-CL courtyard,
NORTON-CLARK,111,Dimensions: 10ft9in x 10ft9in plus entryway 2ft3in x 3ft3in,123,Windows: 1 South facing window - view of N-CL courtyard,
NORTON-CLARK,112,Dimensions: 16ft x 18ft6in,296,"Windows: 1 North facing window, 1 South facing glass door - view of Eversole Courtyard and N-CL courtyard","Other: fireplace; high ceiling; short balcony; 2 doors in - one from hallway, one from Bixby plaza (double doors)"
NORTON-CLARK,113,Dimensions: 10ft9in x 11ft9in plus entryway 2ft3in x 4ft3in,136,Windows: 1 West facing window - view of Sixth St,
NORTON-CLARK,114,Dimensions: 10ft9in x 11ft9in plus entryway 2ft3in x 4ft3in,136,Windows: 1 West facing window - view of Sixth St,
NORTON-CLARK,115,Dimensions: 10ft9in x 11ft9in plus entryway 2ft3in x 4ft3in,136,Windows: 1 West facing window - view of Sixth St,
NORTON-CLARK,116,Dimensions: 12ft x 16ft9in Plus 1ft9in x 5ft,210,Windows: 2 South facing windows - view of Sixth St,
NORTON-CLARK,117,Dimensions: 10ft x 16ft9in,168,Windows: 1 South facing window - view of Sixth St,
NORTON-CLARK,118,Dimensions: 10ft9in x 11’2”,120,Windows: 1 South facing window - view of Sixth St,
NORTON-CLARK,119,Dimensions: 10ft9in x 11’2”,120,Windows: 1 South facing window - view of Sixth St,
NORTON-CLARK,120,Dimensions: 10ft9in x 16’6”,177,Windows: 1 South facing window - view of Sixth St,
NORTON-CLARK,121,Dimensions: 10ft9in x 12ft6in,134,Windows: 1 South facing window - view of Sixth St,
NORTON-CLARK,122,Dimensions: 11ft x 12ft9in,140,Windows: 1 South facing window - view of Sixth St,
NORTON-CLARK,123,Dimensions: 11ft x 17ft9in,195,"Windows: 1 South facing window, 1 North facing sealed window - view of Sixth St and Bixby plaza",
NORTON-CLARK,200,Dimensions: 11ft9in x 12ft9in plus entryway 1ft6in x 3ft6in,155,Windows: 1 East facing window - view of Eversole Courtyard,
NORTON-CLARK,201,Dimensions: 10ft3in x 12ft6in plus entryway 2ft3in x 5ft,139,Windows: 1 East facing window - view of Eversole Courtyard,
NORTON-CLARK,202,Dimensions: 10ft9in x 12ft6in plus entryway 2ft3in x 5ft,146,Windows: 1 East facing window - view of Eversole Courtyard,
NORTON-CLARK,203,Dimensions: 9ft x 10ft9in plus entryway 2ft3in x 3ft3in,104,Windows: 1 East facing window - view of Eversole Courtyard,
NORTON-CLARK,204,Dimensions: 10ft x 12ft6in,113,Windows: 1 South facing window - view of Eversole Courtyard,
NORTON-CLARK,205,Dimensions: 9ft6in x 12ft6in,106,Windows: 1 South facing window - view of Eversole Courtyard,
NORTON-CLARK,206,Dimensions: 9ft6in x 12ft3in,104,Windows: 1 South facing window - view of Eversole Courtyard,
NORTON-CLARK,207,Dimensions: 11ft3in x 13ft,128,Windows: 1 South facing window - view of N-CL and Walton Commons,
NORTON-CLARK,208,Dimensions: 10ft6in x 11ft9in,119,Windows: 1 North facing window - no view,
NORTON-CLARK,209,Dimensions: 10ft x 13ft,130,Windows: 1 East facing glass door - view of Lawry and Walton Commons,Other: small private balcony
NORTON-CLARK,210,Dimensions: 10ft9in x 11ft9in plus entryway 2ft3in x 4ft3in,136,Windows: 1 East facing window - view of Lawry and Walton Commons,
NORTON-CLARK,211,Dimensions: 10ft9in x 11ft9in plus entryway 2ft3in x 4ft3in,136,Windows: 1 East facing window - view of Lawry and Walton Commons,
NORTON-CLARK,212,Dimensions: 11ft x 13ft3in,137,Windows: 1 East facing glass door - view of Lawry and Walton Commons,Other: small private balcony
NORTON-CLARK,213,Dimensions: 11ft9in x 15ft3in Plus 1ft9in x 3ft6in,185,"Windows: 1 East facing window - view of Lawry, Walton Commons; 1 South facing window - N-CL courtyard",
NORTON-CLARK,214,Dimensions: 11ft x 11ft3in Plus 4ft6in x 5ft6in,149,Windows: 1 South facing window - view of N-CL courtyard,
NORTON-CLARK,215,Dimensions: 10ft9in x 12ft Plus 2ft3in x 4ft3in,139,Windows: 1 South facing window - view of N-CL courtyard,
NORTON-CLARK,216,Dimensions: 10ft9in x 17ft6in,171,Windows: 1 South facing window - view of N-CL courtyard,
NORTON-CLARK,217,Dimensions: 10ft9in x 11ft9in plus entryway 2ft3in x 4ft3in,136,Windows: 1 West facing window - view of Sixth St,
NORTON-CLARK,218,Dimensions: 10ft9in x 11ft9in plus entryway 2ft3in x 4ft3in,136,Windows: 1 West facing window - view of Sixth St,
NORTON-CLARK,219,Dimensions: 10ft9in x 11ft9in plus entryway 2ft3in x 4ft3in,136,Windows: 1 West facing window - view of Sixth St,
NORTON-CLARK,220,Dimensions: 11ft9in x 16ft9in Plus 1ft9in x 5ft3in,206,"Windows: 1 West facing window, 1 South facing window - view of Sixth St",
NORTON-CLARK,221,Dimensions: 10ft x 10ft9in plus entryway 2ft3in x 3ft3in,115,Windows: 1 South facing window - view of Sixth St,
NORTON-CLARK,222,Dimensions: 10ft9in x 11’2”,120,Windows: 1 South facing window - view of Sixth St,
NORTON-CLARK,223,Dimensions: 10ft9in x 11’2”,120,Windows: 1 South facing window - view of Sixth St,
NORTON-CLARK,224,Dimensions: 10ft9in x 16’6”,177,Windows: 1 South facing window - view of Sixth St,
NORTON-CLARK,225,Dimensions: 10ft9in x 12ft6in plus entryway 2ft3in x 5ft,146,Windows: 1 South facing window - view of Sixth St,
NORTON-CLARK,226,Dimensions: 10ft9in x 12ft6in plus entryway 2ft3in x 5ft,146,Windows: 1 South facing window - view of Sixth St,
NORTON-CLARK,227,Dimensions: 10ft9in x 12ft6in plus entryway 2ft3in x 5ft,146,Windows: 1 South facing window - view of Sixth St,
NORTON-CLARK,300,Dimensions: 10ft3in x 12ft6in plus entryway 2ft3in x 5ft,139,Windows: 1 West facing window - view of Bixby Plaza,
NORTON-CLARK,301,Dimensions: 10ft x 13ft Plus 2ft9in x 5ft6in,145,Windows: 1 West facing window - view of Bixby Plaza,
NORTON-CLARK,302,Dimensions: 10ft9in x 12ft6in plus entryway 2ft3in x 5ft,146,Windows: 1 West facing window - view of Bixby Plaza,
NORTON-CLARK,303,Dimensions: 10ft9in x 12ft9in plus entryway 2ft3in x 5ft3in,149,Windows: 1 East facing window - view of Eversole Courtyard,
NORTON-CLARK,304,Dimensions: 10ft9in x 12ft6in plus entryway 2ft3in x 5ft,146,Windows: 1 West facing window - view of Bixby Plaza,
NORTON-CLARK,305,Dimensions: 10ft9in x 12ft9in plus entryway 2ft3in x 5ft3in,149,Windows: 1 East facing window - view of Eversole Courtyard,
NORTON-CLARK,306,Dimensions: 10ft9in x 12ft6in plus entryway 2ft3in x 5ft,146,Windows: 1 West facing window - view of Bixby Plaza,
NORTON-CLARK,307,Dimensions: 10ft9in x 12ft9in plus entryway 2ft3in x 5ft3in,149,Windows: 1 East facing window - view of Eversole Courtyard,
NORTON-CLARK,308,Dimensions: 10ft9in x 12ft9in plus entryway 2ft3in x 5ft3in,149,Windows: 1 East facing window - view of the roof,
NORTON-CLARK,309,Dimensions: 10ft x 10ft9in plus entryway 2ft3in x 3ft3in,115,Windows: 1 South facing window - view of trees,
NORTON-CLARK,310,Dimensions: 10ft3in x 12ft6in plus entryway 2ft3in x 5ft,139,Windows: 1 North facing window - view of Bixby Plaza,
NORTON-CLARK,311,Dimensions: 10ft9in x 11’2”,120,Windows: 1 South facing window - view of Sixth St,
NORTON-CLARK,312,Dimensions: 10ft9in x 12ft6in plus entryway 2ft3in x 5ft,146,Windows: 1 North facing window - view of Bixby Plaza,
NORTON-CLARK,313,Dimensions: 10ft9in x 11’2”,120,Windows: 1 South facing window - view of Sixth St,
NORTON-CLARK,314,Dimensions: 10ft9in x 12ft6in plus entryway 2ft3in x 5ft,146,Windows: 1 North facing window - view of Bixby Plaza,
NORTON-CLARK,315,Dimensions: 10ft9in x 16’6”,177,Windows: 1 South facing window - view of Sixth St,
NORTON-CLARK,316,Dimensions: 10ft9in x 12ft6in plus entryway 2ft3in x 5ft,146,Windows: 1 North facing window - view of Bixby Plaza,
NORTON-CLARK,317,Dimensions: 10ft3in x 12ft6in plus entryway 2ft3in x 3ft,135,Windows: 1 North facing window - view of Bixby Plaza,
NORTON-CLARK,318,Dimensions: 10ft3in x 12ft6in plus entryway 2ft3in x 5ft,139,Windows: 1 North facing window - view of Bixby Plaza,
NORTON-CLARK,319,Dimensions: 10ft9in x 12ft6in plus entryway 2ft3in x 5ft,146,Windows: 1 South facing window - view of Sixth St,
NORTON-CLARK,320,Dimensions: 10ft9in x 12ft6in plus entryway 2ft3in x 5ft,146,Windows: 1 North facing window - view of Bixby Plaza,
NORTON-CLARK,321,Dimensions: 10ft9in x 12ft6in plus entryway 2ft3in x 5ft,146,Windows: 1 South facing window - view of Sixth St,
NORTON-CLARK,322,Dimensions: 10ft9in x 12ft6in plus entryway 2ft3in x 5ft,146,Windows: 1 North facing window - view of Bixby Plaza,
NORTON-CLARK,323,Dimensions: 10ft9in x 12ft6in plus entryway 2ft3in x 5ft,146,Windows: 1 South facing window - view of Sixth St,
NORTON-CLARK,324,Dimensions: 10ft9in x 12ft3in plus entryway 2ft3in x 5ft,143,Windows: 1 North facing window - view of Bixby Plaza,
NORTON-CLARK,325,Dimensions: 10ft6in x 13ft plus entryway 2ft3in x 5ft9in,149,Windows: 1 North facing window - view of Bixby Plaza,